session,env,arm,joint,n_samples,zerolag_mae_deg,zerolag_rms_deg,zerolag_p95_deg,zerolag_max_deg,lag_k_ms,lag_xcorr_r,lag_censored,lagcomp_mae_deg,lagcomp_rms_deg,lagcomp_p95_deg,lagcomp_max_deg,steady_n_samples,steady_mae_deg,steady_rms_deg,steady_p95_deg,steady_max_deg,steady_bias_deg
episode_0022,physical,left,shoulder_pitch,18110,0.7882401866267332,1.1269644993385164,2.3155020348044,10.018233027335363,66.7,0.9994,False,0.3719264075907528,0.5089489545989891,0.815012704202911,7.920014115124655,720,0.3660365269265371,0.44234125598833474,0.7907443419094319,1.0318697852368217,-0.32848149176616875
episode_0022,physical,left,shoulder_roll,18110,0.9268780502831464,1.7163876800542615,3.726917243061336,16.243485364436438,66.7,0.9937,False,0.5852274835239393,1.3916700534449817,2.9406623451524885,16.029251785363932,1763,0.2406144017319913,0.4116006921822702,0.5327558116635372,3.997837976754865,0.0012860861478662874
episode_0022,physical,left,shoulder_yaw,18110,0.5137575466706849,0.9303048855621568,1.5735122896283136,14.022650604827017,66.7,0.9988,False,0.20558491294810882,0.4289516435361387,0.4899218966217691,12.208290903281197,2206,0.13126174517649963,0.158651230381532,0.2960753855743228,0.4399047089008903,0.034687568143286225
episode_0022,physical,left,elbow,18110,0.7685088517519387,1.1397622011526183,2.347154099359291,11.267312028715079,66.7,0.9996,False,0.30025298859443644,0.3885639179598713,0.6528834120517322,5.601401232747104,355,0.1769354186886215,0.204414348236608,0.3387742672187574,0.5926650109911904,0.015097430381269709
episode_0022,physical,left,wrist_roll,18110,0.8708469056772576,2.1425569592735965,2.2280261069092244,59.90216336169969,100.0,0.9987,False,0.4479614791004565,1.2811663794051282,0.9477253033692196,45.18701627033846,956,0.3228601628080694,0.3921545272210687,0.7522419432689054,1.0560976816448973,-0.10667513691388199
episode_0022,physical,right,shoulder_pitch,18110,0.8381779661313501,1.2353190837269357,2.333438944445812,16.553076508025164,66.7,0.9994,False,0.39553797276618785,0.5337893273734189,0.8255725898114706,11.460226208127906,580,0.27173843268530024,0.32687254238568275,0.5683118018658463,0.8248195434635051,-0.18153934921233014
episode_0022,physical,right,shoulder_roll,18110,0.5449053093803169,0.9166518297510006,1.619325404631096,12.781912233955403,66.7,0.9978,False,0.29213982607707756,0.5938352349896968,0.6356287140484321,10.98622782446208,2127,0.1903211028925739,0.23134575184729178,0.42797343240019886,0.7060558777630139,0.009655629141992736
episode_0022,physical,right,shoulder_yaw,18110,0.5665822793009253,0.8893585107241632,1.5838979428072968,11.656475933476196,66.7,0.9995,False,0.2646885034792445,0.3511797427077244,0.6156619105112212,4.657075636692432,1777,0.21927145056519046,0.2772282377370712,0.5548997962126277,0.8787837708771633,0.04015323385790654
episode_0022,physical,right,elbow,18110,0.8673912933557777,1.4312318664361527,2.456566936670688,34.846007773774716,66.7,0.9995,False,0.33560145497947025,0.5838555917263215,0.7037572732837961,24.714552536368437,259,0.2209312088541685,0.26186783334490993,0.5303508785489388,0.6087134774109104,0.00804461799802604
episode_0022,physical,right,wrist_roll,18110,0.7501442597611502,1.2778886855746743,1.8859194077444315,24.864788037749907,66.7,0.9998,False,0.3946489742721371,0.5613730831687616,0.7700603126373385,14.2657278044808,1265,0.41276409508556255,0.4682495623284173,0.7642928164879956,0.9475730635638313,-0.1776585177573373
episode_0023,sim,left,shoulder_pitch,90,2.4238179035837395,4.619022982794605,12.826491555377208,14.467263497875976,0.0,0.9989,False,2.4238179035837395,4.619022982794605,12.826491555377208,14.467263497875976,59,0.34920485906731263,0.3941435210350734,0.7812216301440201,0.982286295357742,-0.34920485906731263
episode_0023,sim,left,shoulder_roll,90,0.6649196229380231,0.6889946695650296,1.0853745941526083,1.1907067876492508,1933.3,0.9947,False,0.26279569960706906,0.27148002488233425,0.3662659211854844,0.3805030427765381,75,0.5896837232125254,0.5924155926777587,0.7159753622853858,0.8417678108380887,-0.5896837232125254
episode_0023,sim,left,shoulder_yaw,90,0.6270496187822234,1.0822246261149029,2.8990487934499103,3.6029326087876443,0.0,0.994,False,0.6270496187822234,1.0822246261149029,2.8990487934499103,3.6029326087876443,75,0.28259605435769247,0.4004392838101012,0.9065094598642939,1.1562736004263452,0.28259605435769247
episode_0023,sim,left,elbow,90,2.728423356063309,4.06923890107487,11.206366943769039,14.108295203560619,633.3,0.9978,False,1.3098415920236135,1.3102080492551813,1.356374160230125,1.4660471138244286,59,1.3919633524174306,1.397316932181202,1.6967986406255455,1.7966394013211833,1.3919633524174306
episode_0023,sim,left,wrist_roll,90,0.34278391571134575,0.3684453763813554,0.48304284617810445,0.5913211308580184,166.7,0.9714,False,0.34655008130475734,0.37055368891131774,0.4811377096181039,0.4891811175291948,75,0.34412979686230744,0.36775254678688757,0.4749211097719598,0.48304284617810445,-0.34412979686230744
episode_0023,sim,right,shoulder_pitch,90,2.4080709310370763,4.621425674518191,12.840092616855571,14.50551353663852,0.0,0.9989,False,2.4080709310370763,4.621425674518191,12.840092616855571,14.50551353663852,59,0.32749619637413113,0.38270490164575804,0.7854078660535847,0.9728118566666559,-0.32749619637413113
episode_0023,sim,right,shoulder_roll,90,0.6727146072358765,0.7011752882850564,1.1445868470871665,1.2410120661095163,1933.3,0.9953,False,0.2655835709104864,0.27340023309704864,0.3620092131333763,0.3696770638295301,75,0.5900782200143252,0.5931357720763132,0.7256145018253122,0.8600792714758481,0.5900782200143252
episode_0023,sim,right,shoulder_yaw,90,0.6485701877045481,1.0799578558025518,2.8803416985732495,3.565796526609152,833.3,0.9952,False,0.10139354922686332,0.10430505566718282,0.1562369176440697,0.20397426883855552,75,0.31092580965809247,0.4134618662920314,0.9152175405472546,1.1610193604583676,-0.31092580965809247
episode_0023,sim,right,elbow,90,2.7220357583394463,4.069385422585598,11.204423175705024,14.142168459501105,633.3,0.9979,False,1.3012804707631658,1.3016924073006042,1.3476410544407624,1.4591540320935632,59,1.3816184944120116,1.3877122345806148,1.7012319513426757,1.830041348815735,1.3816184944120116
episode_0023,sim,right,wrist_roll,90,0.3369719762133431,0.36812839987401014,0.5029559185833001,0.6423229592341831,200.0,0.9906,False,0.33885573030250576,0.3665249091950377,0.5092128902302899,0.5128093389574029,75,0.33040038630805,0.3597983544735508,0.5002809303337004,0.5035435694650767,0.33040038630805
episode_0024,sim,left,shoulder_pitch,63,0.06085290012657127,0.06279244784675794,0.08530061860764633,0.0858532122884661,0.0,0.9401,False,0.06085290012657127,0.06279244784675794,0.08530061860764633,0.0858532122884661,48,0.05380446146050296,0.054770727963682396,0.0726029117820298,0.07833182929823934,-0.05380446146050296
episode_0024,sim,left,shoulder_roll,63,0.5258424876217472,0.5258535943896474,0.529975351993631,0.531438748238874,100.0,0.6862,False,0.5256144533965024,0.525624813196158,0.5294865441861619,0.5310104724984317,48,0.5274462285012684,0.5274491261631336,0.5300720026180982,0.531438748238874,-0.5274462285012684
episode_0024,sim,left,shoulder_yaw,63,0.055695194311855684,0.05633845842453033,0.06892138722734735,0.0695061381198574,0.0,0.8759,False,0.055695194311855684,0.05633845842453033,0.06892138722734735,0.0695061381198574,48,0.05933646847194912,0.05964636406764418,0.06929898906726968,0.0695061381198574,-0.05933646847194912
episode_0024,sim,left,elbow,63,1.2413083220212011,1.241315492195825,1.2478593140413818,1.2480453379638359,0.0,0.6544,False,1.2413083220212011,1.241315492195825,1.2478593140413818,1.2480453379638359,48,1.2406790821851266,1.2406868573412866,1.2463535094780045,1.2480098295342916,1.2406790821851266
episode_0024,sim,left,wrist_roll,63,0.5342340994372733,0.5344158553414733,0.5516459895621347,0.5529518578569094,0.0,0.9743,False,0.5342340994372733,0.5344158553414733,0.5516459895621347,0.5529518578569094,48,0.5405100322929556,0.5405634307262448,0.552223692723523,0.5529518578569094,-0.5405100322929556
episode_0024,sim,right,shoulder_pitch,63,0.06733553643621235,0.06740758788251128,0.07164300129059313,0.0717690298890119,666.7,-0.3677,False,0.0662489852348201,0.06629434946456678,0.0694763125535232,0.07145484118719025,48,0.06624457391629053,0.06630093861521458,0.07058886259300153,0.07144570288609131,-0.06624457391629053
episode_0024,sim,right,shoulder_roll,63,0.5363921712327523,0.5364165566253597,0.5448002271475638,0.5455887207454255,866.7,-0.469,False,0.5370356868077527,0.5370423223976485,0.540621000980884,0.5414648264814748,48,0.5342306176868585,0.5342433630569355,0.538869975621069,0.5391018502920317,0.5342306176868585
episode_0024,sim,right,shoulder_yaw,63,0.0286592898759851,0.031398139797626026,0.04722506401164503,0.04886139081356511,100.0,0.982,False,0.02752249154845859,0.03015510477252532,0.04442998556145041,0.04740698740717608,48,0.02363952499991895,0.02582214210570551,0.036530878381678455,0.03967572006678832,0.02363952499991895
episode_0024,sim,right,elbow,63,1.166885012145948,1.1669404365958218,1.184412307208472,1.1854401702907111,0.0,0.9864,False,1.166885012145948,1.1669404365958218,1.184412307208472,1.1854401702907111,48,1.1708450238734665,1.170889146345621,1.1849462493211682,1.1854401702907111,1.1708450238734665
episode_0024,sim,right,wrist_roll,63,0.5227955340121695,0.5228783086611446,0.5381577314395256,0.5393388291235887,0.0,0.9639,False,0.5227955340121695,0.5228783086611446,0.5381577314395256,0.5393388291235887,48,0.5195003695385402,0.5195588605963015,0.5319946305361271,0.5352818206503004,0.5195003695385402
